{"stat.chestOpened":28,"stat.pickup.minecraft.tripwire_hook":4,"stat.walkOneCm":272735,"stat.pickup.minecraft.bone":2,"stat.useItem.minecraft.torch":34,"stat.trappedChestTriggered":5,"stat.useItem.minecraft.chest":14,"stat.pickup.minecraft.sign":3,"stat.pickup.minecraft.stone_pressure_plate":3,"stat.useItem.minecraft.repeater":2,"stat.leaveGame":3,"stat.useItem.projectred-transmission.wire":26,"stat.mineBlock.computercraft.turtle_expanded":6,"stat.drop.minecraft.sign":1,"stat.pickup.minecraft.fishing_rod":1,"stat.jump":210,"stat.swimOneCm":36,"stat.drop.minecraft.stone":2,"stat.useItem.minecraft.redstone":2,"stat.pickup.minecraft.stone":2,"stat.crouchOneCm":16,"stat.mineBlock.minecraft.chest":1,"stat.sprintOneCm":134,"stat.useItem.minecraft.diamond_shovel":269,"stat.pickup.minecraft.wooden_door":1,"stat.useItem.minecraft.stone_slab2":1352,"stat.useItem.minecraft.water_bucket":6,"stat.killEntity.Skeleton":1,"stat.useItem.minecraft.tripwire_hook":12,"stat.pickup.minecraft.repeater":2,"stat.useItem.minecraft.stone_pressure_plate":4,"stat.useItem.minecraft.diamond_pickaxe":7,"stat.pickup.computercraft.turtle_expanded":12,"stat.mobKills":1,"stat.noteblockTuned":860,"stat.useItem.minecraft.wooden_door":2,"stat.flyOneCm":62300,"stat.pickup.minecraft.wheat_seeds":3,"stat.drop":3,"stat.playOneMinute":497324,"stat.pickup.minecraft.fish":14,"stat.pickup.minecraft.torch":10,"stat.pickup.minecraft.red_flower":3,"stat.sneakTime":1603,"stat.damageDealt":210,"stat.pickup.minecraft.redstone":2,"stat.timeSinceDeath":497324,"stat.hopperInspected":1,"stat.useItem.minecraft.sign":12,"stat.mineBlock.minecraft.tallgrass":8,"stat.fishCaught":15,"stat.useItem.minecraft.fishing_rod":34,"stat.pickup.minecraft.chest":1}